{"cameraMode":{"drawMode":0,"name":"Shaded","section":"Shading Mode"},"sceneLighting":true,"audioPlay":false,"sceneViewState":{"showFog":true,"showMaterialUpdate":true,"showSkybox":true,"showFlares":true,"showImageEffects":true,"showParticleSystems":true},"in2DMode":false,"pivot":{"x":432.4440002441406,"y":317.8847961425781,"z":735.09716796875},"rotation":{"x":-0.024307316169142724,"y":0.0020971691701561214,"z":-0.00005087317549623549,"w":-0.9997037649154663},"size":685.009033203125,"orthographic":false}